Date,LTC,LTC_fc,LTC_lb,LTC_ub,BTC,ETH
01/04/2016,3.23,3.26,3.253,3.261,416.8,11.62
02/04/2016,3.27,3.25,3.242,3.254,420.31,11.61
03/04/2016,3.24,3.24,3.234,3.25,420.65,11.75
04/04/2016,3.25,3.24,3.225,3.245,420.54,11.15
05/04/2016,3.26,3.23,3.217,3.241,424.53,10.4
06/04/2016,3.25,3.26,3.244,3.272,422.85,10.76
07/04/2016,3.23,3.31,3.295,3.327,421.26,10.12
08/04/2016,3.23,3.21,3.195,3.231,418.24,9.71
09/04/2016,3.23,3.12,3.104,3.144,418.37,9.15
10/04/2016,3.23,3.21,3.188,3.232,420.75,8.76
11/04/2016,3.23,3.15,3.127,3.175,423.01,8.68
12/04/2016,3.26,3.31,3.283,3.335,426.65,7.53
13/04/2016,3.25,3.23,3.206,3.262,424.95,8.09
14/04/2016,3.26,3.19,3.158,3.218,425.81,8.46
15/04/2016,3.3,3.37,3.334,3.398,431.49,8.32
16/04/2016,3.31,3.43,3.394,3.462,431.99,8.54
17/04/2016,3.28,3.37,3.337,3.409,428.8,9.46
18/04/2016,3.25,3.18,3.139,3.215,429.55,8.97
19/04/2016,3.3,3.33,3.292,3.372,437.73,8.71
20/04/2016,3.31,3.23,3.185,3.269,443.56,8.61
21/04/2016,3.37,3.31,3.267,3.355,451.99,8.11
22/04/2016,3.33,3.2,3.154,3.246,447.69,7.97
23/04/2016,3.36,3.3,3.251,3.347,452.52,8.46
24/04/2016,3.69,3.72,3.671,3.771,463.93,8.1
25/04/2016,3.88,4.06,4.007,4.111,466.43,7.54
26/04/2016,4.05,4.09,4.033,4.141,468.07,7.5
27/04/2016,3.94,4.09,4.034,4.146,447.52,7.8
28/04/2016,3.83,3.85,3.794,3.91,450.59,7.33
29/04/2016,3.83,3.81,3.746,3.866,455.41,7.52
30/04/2016,3.65,3.69,3.625,3.749,445.08,8.87
01/05/2016,3.7,3.81,3.743,3.871,450.04,8.75
02/05/2016,3.68,3.63,3.562,3.694,443.98,10
03/05/2016,3.75,3.88,3.81,3.946,451.1,9.34
04/05/2016,3.73,3.71,3.642,3.782,447.09,9.46
05/05/2016,3.72,3.58,3.505,3.649,449.01,9.79
06/05/2016,3.84,3.79,3.712,3.86,462.79,9.35
07/05/2016,3.99,3.98,3.9,4.052,460.4,9.35
08/05/2016,3.97,3.89,3.809,3.965,459.82,9.5
09/05/2016,4.09,4.15,4.07,4.23,461.86,9.32
10/05/2016,3.8,3.7,3.622,3.786,448.99,9.38
11/05/2016,3.88,3.81,3.73,3.898,452.23,9.89
12/05/2016,3.84,3.69,3.602,3.774,454.01,10.04
13/05/2016,3.97,3.96,3.867,4.043,456.24,10.6
14/05/2016,4.04,4.08,3.989,4.169,455.68,10.16
15/05/2016,4.09,4.04,3.95,4.134,457.97,9.97
16/05/2016,4.02,4.1,4.004,4.192,454.47,11.09
17/05/2016,3.97,4.12,4.029,4.221,452.45,12.08
18/05/2016,4.01,3.75,3.652,3.848,453.58,13.35
19/05/2016,3.86,3.82,3.721,3.921,440.33,14.58
20/05/2016,3.84,3.99,3.884,4.088,439.76,13.79
21/05/2016,3.94,4.12,4.014,4.222,440.82,14
22/05/2016,3.89,3.93,3.819,4.031,437.39,14.21
23/05/2016,3.96,3.85,3.743,3.959,442.97,13.42
24/05/2016,3.95,3.76,3.645,3.865,445.14,12.73
25/05/2016,4.03,4.1,3.992,4.216,448.27,12.49
26/05/2016,4.11,4.37,4.26,4.488,453.63,12.48
27/05/2016,4.47,4.29,4.172,4.404,473.94,11.12
28/05/2016,4.58,4.53,4.412,4.648,531.74,11.98
29/05/2016,4.51,4.36,4.239,4.479,527.11,12.41
30/05/2016,4.57,4.5,4.377,4.621,535.12,12.72
31/05/2016,4.64,4.46,4.34,4.588,530.3,14.01
01/06/2016,4.72,4.63,4.502,4.754,540.4,13.85
02/06/2016,4.74,4.73,4.597,4.853,539,13.8
03/06/2016,4.89,4.57,4.437,4.697,569.1,13.84
04/06/2016,4.8,4.52,4.391,4.655,572.58,13.81
05/06/2016,4.86,4.76,4.626,4.894,574.74,13.95
06/06/2016,4.96,5.14,5.006,5.278,585.24,14.03
07/06/2016,4.76,4.66,4.526,4.802,577,14.5
08/06/2016,4.81,4.91,4.766,5.046,582.82,14.49
09/06/2016,4.77,4.54,4.401,4.685,577.31,14.45
10/06/2016,4.88,4.92,4.772,5.06,580,13.97
11/06/2016,4.97,5.22,5.072,5.364,597.18,14.15
12/06/2016,5.25,5.16,5.011,5.307,668.67,15.8
13/06/2016,5.27,5.1,4.952,5.252,702.68,17.73
14/06/2016,5.14,5.47,5.316,5.62,686.08,18.73
15/06/2016,5.24,5.29,5.132,5.44,694.49,18.45
16/06/2016,5.69,5.42,5.263,5.575,767.5,20.7
17/06/2016,5.6,5.91,5.752,6.068,747.58,15.61
18/06/2016,5.58,5.32,5.157,5.477,758.11,11.41
19/06/2016,5.56,5.84,5.679,6.003,766.64,12.43
20/06/2016,5.38,5.55,5.381,5.709,743.9,11.9
21/06/2016,4.91,5.1,4.935,5.267,676.33,12.94
22/06/2016,3.89,3.79,3.625,3.961,596.04,13.25
23/06/2016,3.96,4.11,3.942,4.282,628.03,13.75
24/06/2016,4.27,4.35,4.177,4.521,660.58,14.29
25/06/2016,4.29,4.08,3.905,4.253,665.47,14.31
26/06/2016,4.07,4.13,3.956,4.308,627,13.75
27/06/2016,4.15,3.95,3.776,4.132,648.5,13.96
28/06/2016,4.13,4.17,3.995,4.355,646.48,12.22
29/06/2016,4.06,3.94,3.758,4.122,639.65,12.77
30/06/2016,4.21,4.04,3.854,4.222,673.9,12.5
01/07/2016,4.25,4.18,3.993,4.365,676.32,12.35
02/07/2016,4.66,4.42,4.233,4.609,702.48,12.14
03/07/2016,4.33,4.64,4.453,4.833,664.58,11.78
04/07/2016,4.49,4.53,4.336,4.72,678.85,11.42
05/07/2016,4.45,4.53,4.341,4.729,664.63,10.53
06/07/2016,4.48,4.42,4.223,4.615,676.05,10.55
07/07/2016,4.1,3.86,3.666,4.062,639.07,10.14
08/07/2016,4.25,4.26,4.058,4.458,665.19,11.31
09/07/2016,4.18,4,3.798,4.202,650.95,10.9
10/07/2016,4.14,4.04,3.84,4.248,650.59,10.95
11/07/2016,4.11,3.92,3.715,4.127,649.19,10.51
12/07/2016,4.25,4.26,4.054,4.47,675.5,10.55
13/07/2016,4.15,4.24,4.027,4.447,663,10.47
14/07/2016,4.17,4.29,4.08,4.504,661.13,11.6
15/07/2016,4.19,4.48,4.262,4.69,666.07,11.93
16/07/2016,4.18,4.2,3.981,4.413,664.97,11.72
17/07/2016,4.19,3.83,3.613,4.049,680.37,11.24
18/07/2016,4.2,4.16,3.942,4.382,674.19,11.04
19/07/2016,4.18,4.26,4.035,4.479,674.93,11.75
20/07/2016,4.14,4.08,3.858,4.306,667.22,12.48
21/07/2016,4.13,4.21,3.982,4.434,664.99,12.55
22/07/2016,4,3.88,3.652,4.108,646.72,14.67
23/07/2016,4.06,4.27,4.042,4.502,655.51,14.25
24/07/2016,4.08,3.78,3.553,4.017,661.58,12.65
25/07/2016,4.03,3.91,3.676,4.144,653,13.8
26/07/2016,3.97,4.18,3.943,4.415,653.35,12.01
27/07/2016,3.99,4.1,3.858,4.334,655.5,13.03
28/07/2016,3.99,3.89,3.65,4.13,655.51,12.87
29/07/2016,4.11,4.05,3.81,4.294,658.99,12.9
30/07/2016,4.07,4.27,4.024,4.512,654.93,12.52
31/07/2016,3.91,3.87,3.624,4.116,622.02,11.86
01/08/2016,3.89,3.81,3.566,4.062,607.52,11.08
02/08/2016,3.73,3.58,3.333,3.833,604.1,10.16
03/08/2016,3.73,3.65,3.397,3.901,604.1,10.16
04/08/2016,3.73,3.55,3.294,3.802,604.1,10.16
05/08/2016,3.73,3.89,3.633,4.145,604.1,10.16
06/08/2016,3.73,3.93,3.669,4.185,604.1,10.16
07/08/2016,3.73,3.71,3.451,3.971,604.1,10.16
08/08/2016,3.73,3.62,3.356,3.88,604.1,10.16
09/08/2016,3.73,3.84,3.581,4.109,604.1,10.16
10/08/2016,3.55,3.61,3.346,3.878,588.49,12.07
11/08/2016,3.73,3.66,3.39,3.926,591.37,11.64
12/08/2016,3.65,4.04,3.769,4.309,584.5,11.67
13/08/2016,3.69,3.6,3.333,3.877,583.2,11.48
14/08/2016,3.6,3.63,3.36,3.908,568.8,11.16
15/08/2016,3.56,3.68,3.403,3.955,565.75,11.09
16/08/2016,3.6,3.38,3.103,3.659,576,11.07
17/08/2016,3.58,3.58,3.304,3.864,571.2,10.72
18/08/2016,3.59,3.48,3.197,3.761,572.32,10.69
19/08/2016,3.62,3.63,3.351,3.919,573.06,10.68
20/08/2016,3.6,3.54,3.258,3.83,582.67,11.26
21/08/2016,3.62,3.87,3.581,4.157,580.42,11.13
22/08/2016,3.66,3.45,3.157,3.737,588.79,11.14
23/08/2016,3.96,4.13,3.834,4.418,584.34,10.99
24/08/2016,3.84,4.1,3.808,4.396,580.32,10.98
25/08/2016,3.82,4.05,3.756,4.348,577.24,11.39
26/08/2016,3.84,3.73,3.436,4.032,578.01,11.22
27/08/2016,3.75,4.07,3.768,4.368,568.5,11.2
28/08/2016,3.72,4.08,3.776,4.38,574.09,10.94
29/08/2016,3.77,3.48,3.18,3.788,574.8,10.93
30/08/2016,3.8,3.58,3.27,3.882,578.98,11.29
31/08/2016,3.81,3.73,3.427,4.043,574.57,11.63
01/09/2016,3.83,3.95,3.641,4.261,572.1,12.22
02/09/2016,3.82,3.83,3.521,4.145,580.56,12.13
03/09/2016,3.96,4.36,4.045,4.673,608.25,12.01
04/09/2016,4.03,3.82,3.502,4.134,615.19,11.73
05/09/2016,3.98,3.82,3.504,4.14,612.67,11.85
06/09/2016,3.97,3.56,3.244,3.884,614.65,11.73
07/09/2016,4.01,4.04,3.717,4.361,618.7,11.64
08/09/2016,4,4.25,3.922,4.57,630.69,11.45
09/09/2016,3.98,3.87,3.541,4.193,625.26,11.68
10/09/2016,4.02,3.58,3.25,3.906,628.5,12.13
11/09/2016,3.91,4.18,3.849,4.509,610.51,11.68
12/09/2016,3.86,3.94,3.612,4.276,611.11,12
13/09/2016,3.85,3.64,3.311,3.979,613.91,12.01
14/09/2016,3.89,3.97,3.632,4.304,613.89,11.94
15/09/2016,3.86,3.98,3.647,4.323,611.83,12.01
16/09/2016,3.83,3.77,3.428,4.108,610.02,12.68
17/09/2016,3.81,3.75,3.409,4.093,607.82,12.8
18/09/2016,3.83,3.84,3.493,4.181,614.41,12.32
19/09/2016,3.84,3.71,3.367,4.059,609.76,12.9
20/09/2016,3.85,3.86,3.515,4.211,610.82,14.45
21/09/2016,3.8,3.79,3.436,4.136,597.76,13.74
22/09/2016,3.75,3.83,3.481,4.185,596.77,13.17
23/09/2016,3.81,3.84,3.485,4.193,603.28,13.36
24/09/2016,3.82,3.65,3.295,4.007,602.81,12.86
25/09/2016,3.8,3.7,3.339,4.055,600.34,13.05
26/09/2016,3.86,3.88,3.521,4.241,609.18,12.9
27/09/2016,3.84,3.43,3.069,3.793,605,13.08
28/09/2016,3.86,3.78,3.412,4.14,603.9,13.25
29/09/2016,3.87,3.65,3.285,4.017,604.31,13.1
30/09/2016,3.85,3.92,3.554,4.29,611,13.3
01/10/2016,3.85,3.81,3.445,4.185,614.08,13.18
02/10/2016,3.85,4,3.625,4.369,610.03,13.16
03/10/2016,3.86,3.97,3.598,4.346,612.43,13.44
04/10/2016,3.81,3.67,3.294,4.046,610.66,13.33
05/10/2016,3.83,3.82,3.438,4.194,614.05,13.11
06/10/2016,3.85,3.72,3.336,4.096,613.55,12.84
07/10/2016,3.86,3.98,3.594,4.358,618.82,12.69
08/10/2016,3.83,3.65,3.262,4.03,620.76,12.26
09/10/2016,3.79,3.64,3.256,4.028,616.56,12.01
10/10/2016,3.78,3.67,3.281,4.057,618.81,11.73
11/10/2016,3.85,3.95,3.561,4.341,643.66,11.78
12/10/2016,3.81,3.63,3.233,4.017,638.03,11.72
13/10/2016,3.93,4,3.606,4.394,637.46,12.07
14/10/2016,3.92,3.72,3.329,4.121,641.35,11.93
15/10/2016,3.89,4.01,3.613,4.409,639.6,12.01
16/10/2016,3.87,3.88,3.483,4.283,644.12,11.98
17/10/2016,3.84,4.04,3.639,4.443,639.94,12
18/10/2016,3.83,3.84,3.441,4.249,639.33,12.54
19/10/2016,3.82,3.78,3.369,4.181,631.32,11.99
20/10/2016,3.79,3.94,3.53,4.346,632.57,12.09
21/10/2016,3.86,3.87,3.458,4.278,636.15,12.16
22/10/2016,3.92,3.92,3.507,4.331,662.86,12.29
23/10/2016,3.92,4.09,3.672,4.5,657.27,12.07
24/10/2016,3.88,3.47,3.052,3.884,655.03,11.99
25/10/2016,3.92,3.78,3.363,4.199,656.14,11.36
26/10/2016,3.95,4.05,3.629,4.469,678.03,11.5
27/10/2016,4,4.05,3.627,4.471,686,11.57
28/10/2016,3.99,4.01,3.588,4.436,692.76,11.15
29/10/2016,4.09,3.81,3.384,4.236,719.88,10.38
30/10/2016,4.03,4.03,3.599,4.455,701.74,11.28
31/10/2016,4,3.96,3.527,4.387,701.9,10.96
01/11/2016,4.11,3.95,3.515,4.379,734.15,10.81
02/11/2016,4.14,4.1,3.669,4.537,737.89,10.86
03/11/2016,3.86,3.61,3.179,4.051,690.07,10.86
04/11/2016,3.9,3.83,3.395,4.271,708.44,11.21
05/11/2016,3.91,3.67,3.234,4.114,708.39,11.17
06/11/2016,3.92,3.92,3.474,4.358,713.01,10.91
07/11/2016,3.89,3.87,3.426,4.314,707.84,10.88
08/11/2016,3.86,3.65,3.208,4.1,714.01,10.92
09/11/2016,3.85,4.04,3.588,4.484,723.85,10.72
10/11/2016,3.82,3.66,3.211,4.111,714.87,10.54
11/11/2016,3.81,3.93,3.477,4.381,714.8,10.27
12/11/2016,3.78,3.96,3.506,4.414,703.8,10.01
13/11/2016,3.91,3.85,3.397,4.309,703.97,10.08
14/11/2016,3.9,3.69,3.232,4.148,705.01,10
15/11/2016,3.9,3.96,3.498,4.418,712.18,10.27
16/11/2016,3.9,3.75,3.284,4.208,744.98,10.02
17/11/2016,3.87,3.84,3.377,4.305,739.99,9.99
18/11/2016,3.91,3.6,3.13,4.062,751.34,9.52
19/11/2016,3.96,4.07,3.599,4.535,753.38,9.73
20/11/2016,3.89,3.73,3.261,4.201,729.79,9.57
21/11/2016,3.95,4.17,3.699,4.643,738.78,9.61
22/11/2016,3.9,4.06,3.581,4.529,747.96,9.84
23/11/2016,3.86,3.9,3.424,4.376,740,9.69
24/11/2016,3.87,4.08,3.599,4.555,737.33,9.2
25/11/2016,3.86,3.61,3.135,4.095,740.42,9.38
26/11/2016,3.87,3.86,3.375,4.339,731.99,9.33
27/11/2016,3.84,4.46,3.972,4.94,722.83,8.88
28/11/2016,3.85,3.93,3.445,4.417,731.74,8.7
29/11/2016,3.77,3.61,3.123,4.099,730.66,8.16
30/11/2016,3.87,3.78,3.288,4.268,740,8.62
01/12/2016,3.9,3.99,3.5,4.484,754.49,8.46
02/12/2016,3.9,4.06,3.569,4.557,774.01,7.7
03/12/2016,3.91,3.75,3.257,4.249,764.41,7.91
04/12/2016,3.9,4.21,3.712,4.708,767.85,7.55
05/12/2016,3.51,3.72,3.221,4.221,752.55,6.7
06/12/2016,3.52,3.49,2.99,3.994,756.81,7.71
07/12/2016,3.65,3.6,3.1,4.108,767.4,8.33
08/12/2016,3.65,3.76,3.259,4.271,768.08,8.3
09/12/2016,3.7,3.49,2.978,3.994,770.5,8.52
10/12/2016,3.68,3.8,3.292,4.312,773.35,8.12
11/12/2016,3.63,3.65,3.134,4.158,768.32,8.19
12/12/2016,3.65,3.61,3.099,4.127,778,8.45
13/12/2016,3.63,3.65,3.133,4.165,779.63,8.36
14/12/2016,3.6,3.65,3.135,4.171,774.5,8.21
15/12/2016,3.65,3.74,3.219,4.259,777.31,7.83
16/12/2016,3.6,3.43,2.906,3.95,784.08,7.86
17/12/2016,3.7,3.68,3.16,4.208,790.99,7.73
18/12/2016,3.67,3.62,3.094,4.146,790.32,7.93
19/12/2016,3.64,3.69,3.158,4.214,791.07,7.58
20/12/2016,3.66,3.61,3.08,4.14,801.42,7.61
21/12/2016,3.63,3.64,3.11,4.174,825.99,7.89
22/12/2016,3.68,3.89,3.36,4.428,860.02,7.61
23/12/2016,4.46,4.42,3.88,4.952,914.36,7.16
24/12/2016,4.44,4.4,3.859,4.935,893.02,7.25
25/12/2016,4.3,4.49,3.954,5.034,899.15,7.23
26/12/2016,4.26,4.32,3.778,4.862,907.71,7.27
27/12/2016,4.34,4.53,3.99,5.078,929.87,7.12
28/12/2016,4.55,4.65,4.107,5.199,982.99,7.58
29/12/2016,4.59,4.73,4.186,5.282,976.5,8.27
30/12/2016,4.39,4.58,4.032,5.132,960.04,8.16
31/12/2016,4.36,4.78,4.232,5.336,965.06,8
01/01/2017,4.5,4.71,4.157,5.265,1000,8.2
02/01/2017,4.61,4.89,4.33,5.442,1020,8.37
03/01/2017,4.61,4.71,4.152,5.268,1038.6,9.74
04/01/2017,4.56,4.64,4.085,5.205,1137.3,11
05/01/2017,4.23,4.08,3.519,4.643,988.1,10.15
06/01/2017,3.84,3.82,3.256,4.384,892.72,10.08
07/01/2017,3.96,3.96,3.393,4.525,899.87,9.84
08/01/2017,4,4.3,3.733,4.869,907.19,10.28
09/01/2017,4.41,4.24,3.673,4.813,906.25,10.26
10/01/2017,4.59,5.07,4.498,5.642,909.51,10.61
11/01/2017,3.94,3.6,3.03,4.178,786.44,9.79
12/01/2017,4,4.22,3.646,4.798,814.8,9.83
13/01/2017,3.95,3.86,3.284,4.44,825.89,9.67
14/01/2017,3.9,3.85,3.271,4.431,816.63,9.67
15/01/2017,3.89,4.06,3.482,4.646,821.15,9.81
16/01/2017,3.87,3.78,3.193,4.361,829.47,9.61
17/01/2017,3.95,3.91,3.328,4.5,904.1,10.12
18/01/2017,3.88,4.07,3.484,4.66,876.5,10.19
19/01/2017,3.89,3.7,3.108,4.288,899.97,10.38
20/01/2017,3.91,3.84,3.252,4.436,893.51,10.62
21/01/2017,3.92,4.11,3.517,4.705,924.28,10.95
22/01/2017,3.85,4.09,3.494,4.686,917.12,10.64
23/01/2017,3.82,4.05,3.45,4.646,919,10.77
24/01/2017,3.76,3.64,3.041,4.241,892.11,10.5
25/01/2017,3.69,3.74,3.14,4.344,893.19,10.48
26/01/2017,3.84,4.11,3.507,4.715,915.98,10.63
27/01/2017,3.88,3.91,3.307,4.519,916.37,10.5
28/01/2017,3.86,3.85,3.238,4.454,919.14,10.51
29/01/2017,3.84,3.9,3.295,4.515,912.99,10.46
30/01/2017,4.05,4.2,3.587,4.811,919.11,10.53
31/01/2017,4.04,4.03,3.412,4.64,968.42,10.71
01/02/2017,4.02,3.89,3.276,4.508,984.01,10.71
02/02/2017,4.07,4.02,3.406,4.642,1006.5,10.8
03/02/2017,4,3.76,3.138,4.378,1013,10.93
04/02/2017,4,4.26,3.643,4.887,1031.8,11.32
05/02/2017,3.94,3.88,3.254,4.502,1010,11.18
06/02/2017,3.95,4.29,3.666,4.918,1023,11.32
07/02/2017,3.96,3.78,3.153,4.409,1053.6,11.41
08/02/2017,3.97,3.87,3.243,4.503,1055,11.35
09/02/2017,3.77,3.79,3.163,4.427,980,10.9
10/02/2017,3.78,3.79,3.153,4.421,994.79,11.3
11/02/2017,3.82,3.71,3.079,4.351,1002.8,11.33
12/02/2017,3.74,4.05,3.407,4.683,996.01,11.26
13/02/2017,3.77,3.68,3.041,4.321,995.69,11.35
14/02/2017,3.83,3.55,2.907,4.191,1013.1,12.96
15/02/2017,3.89,3.88,3.238,4.526,1013.9,12.92
16/02/2017,3.88,3.86,3.219,4.511,1038.5,12.92
17/02/2017,3.9,4.09,3.441,4.737,1056.2,12.76
18/02/2017,3.81,3.67,3.015,4.315,1059.8,12.79
19/02/2017,3.8,4.13,3.482,4.786,1056.2,12.8
20/02/2017,3.81,3.64,2.99,4.298,1091.2,12.4
21/02/2017,3.86,3.85,3.193,4.505,1129.6,12.82
22/02/2017,3.9,3.3,2.639,3.955,1125.5,12.68
23/02/2017,3.91,3.93,3.268,4.588,1189.8,13.27
24/02/2017,3.95,3.93,3.268,4.592,1185.4,13.11
25/02/2017,3.88,4.21,3.545,4.873,1153,13.55
26/02/2017,3.87,3.6,2.934,4.266,1178.3,14.57
27/02/2017,3.87,3.8,3.13,4.466,1195.5,15.5
28/02/2017,3.81,3.87,3.204,4.544,1189.1,15.86
01/03/2017,3.85,4.19,3.514,4.858,1233.2,17.43
02/03/2017,4.06,4.01,3.335,4.683,1258,19.02
03/03/2017,4.11,4.11,3.437,4.789,1289.2,19.49
04/03/2017,4,3.85,3.17,4.526,1267.8,18.5
05/03/2017,4.01,4.1,3.418,4.778,1278.4,19.35
06/03/2017,4.1,3.9,3.221,4.585,1279.2,19.51
07/03/2017,4.01,3.97,3.29,4.658,1232.4,18.88
08/03/2017,3.89,4.24,3.552,4.924,1150,16.51
09/03/2017,3.87,3.82,3.136,4.512,1190.4,17.75
10/03/2017,3.81,3.66,2.97,4.35,1115.4,19.18
11/03/2017,3.81,3.86,3.17,4.554,1172.4,21.3
12/03/2017,3.87,3.98,3.286,4.674,1224.4,23.2
13/03/2017,4.37,4.12,3.424,4.816,1238.5,28.4
14/03/2017,4.17,4.3,3.605,5.001,1245,28.66
15/03/2017,4.31,4.29,3.59,4.99,1256.1,34.8
16/03/2017,4.3,4.34,3.638,5.042,1168.6,45.07
17/03/2017,4.1,3.83,3.124,4.532,1070.4,44.65
18/03/2017,4,3.58,2.869,4.281,971.5,34.2
19/03/2017,3.94,3.47,2.765,4.181,1016.5,43.17
20/03/2017,4.06,4.41,3.701,5.121,1040.5,42.06
21/03/2017,4.02,3.87,3.161,4.585,1115.9,42.45
22/03/2017,3.96,4.4,3.683,5.111,1039.1,41.46
23/03/2017,4.01,3.78,3.063,4.495,1032.7,43.14
24/03/2017,4.14,4.32,3.607,5.043,942.13,54.01
25/03/2017,4.08,4.28,3.564,5.004,972.17,50.75
26/03/2017,4.09,4.34,3.615,5.059,968.9,50.46
27/03/2017,4.13,4.29,3.562,5.01,1042.7,48.93
28/03/2017,4.18,4.14,3.41,4.862,1044.7,50.16
29/03/2017,4.31,3.95,3.224,4.68,1041.8,52.88
30/03/2017,7.78,8.11,7.38,8.84,1041.2,51.62
31/03/2017,7.13,7.31,6.578,8.042,1081.5,49.72
01/04/2017,7.59,7.26,6.529,7.997,1093.5,50.59
02/04/2017,8.33,8.4,7.66,9.132,1107.5,48.6
03/04/2017,8.6,7.77,7.036,8.512,1150.1,44.28
04/04/2017,9.1,9.83,9.093,10.573,1145.8,44.41
05/04/2017,12.4,13.51,12.764,14.248,1140.4,45.35
06/04/2017,10.85,10.17,9.421,10.909,1191.5,43.11
07/04/2017,10.01,9.17,8.42,9.912,1196.6,42.25
08/04/2017,10.73,10.89,10.137,11.633,1188.1,44.51
09/04/2017,9.35,9.47,8.72,10.22,1215.9,43.94
10/04/2017,9.93,9.38,8.628,10.132,1220.3,44.17
11/04/2017,9.78,9.65,8.894,10.402,1235.6,44.21
12/04/2017,11.79,12.11,11.359,12.871,1227.4,46.85
13/04/2017,11.23,11.66,10.903,12.419,1187,50.65
14/04/2017,11.92,11.43,10.669,12.189,1206.8,48.5
15/04/2017,11.85,10.78,10.014,11.538,1193.3,49.71
16/04/2017,12.05,11.72,10.956,12.484,1212,49.58
17/04/2017,11.66,12.45,11.683,13.215,1240,49.52
18/04/2017,11.52,11.84,11.073,12.609,1265.4,52.42
19/04/2017,10.61,10.14,9.372,10.912,1260.5,49.66
20/04/2017,11.6,11.14,10.367,11.911,1308.5,51.96
21/04/2017,12.85,11.99,11.214,12.762,1327.1,51.37
22/04/2017,15.41,16.44,15.668,17.22,1346.4,52.15
23/04/2017,16.7,16.06,15.28,16.836,1355.2,53.33
24/04/2017,16.2,14.73,13.953,15.513,1345,53.54
25/04/2017,16.65,17.12,16.338,17.902,1371.1,53.9
26/04/2017,16.24,16.09,15.308,16.876,1400,57.31
27/04/2017,16.02,17.92,17.133,18.705,1440.3,68
28/04/2017,15.5,16,15.215,16.791,1415.6,76
29/04/2017,16.99,16.9,16.109,17.689,1423.6,73.55
30/04/2017,16.84,16.7,15.911,17.495,1435,83.51
01/05/2017,17.3,15.22,14.426,16.014,1533,81.4
02/05/2017,17.2,18.37,17.573,19.165,1558.5,82.01
03/05/2017,23,24.61,23.814,25.41,1619,85.79
04/05/2017,24.94,25.94,25.136,26.736,1607.1,99.2
05/05/2017,26.24,24.81,24.007,25.611,1545.1,91.5
06/05/2017,28.68,29.45,28.642,30.25,1597,96.65
07/05/2017,30.7,32.01,31.201,32.813,1619.9,94.21
08/05/2017,28.71,28.49,27.68,29.296,1703.5,88.97
09/05/2017,34,35.2,34.392,36.012,1760,88.94
10/05/2017,32.34,32.93,32.118,33.742,1796.9,88.33
11/05/2017,31,28.46,27.647,29.275,1853.9,89.38
12/05/2017,27.8,26.87,26.059,27.691,1735,86.99
13/05/2017,29.4,32.27,31.456,33.092,1819.5,89.9
14/05/2017,29.4,27.01,26.195,27.835,1827.3,90.37
15/05/2017,25.79,24.47,23.652,25.296,1772,92.56
16/05/2017,23.72,23.55,22.725,24.373,1786.2,88.17
17/05/2017,26.01,23.28,22.454,24.106,1870,89.67
18/05/2017,29.13,29.17,28.345,30.001,1941.5,98.6
19/05/2017,27.37,25.15,24.316,25.976,1966.5,124.4
20/05/2017,27.2,28.12,27.291,28.955,2059.3,123.03
21/05/2017,25.61,23.76,22.927,24.595,2026.6,146.14
22/05/2017,23.95,22.04,21.202,22.874,2087.3,154.92
23/05/2017,30.69,31.18,30.342,32.018,2249.6,168.24
24/05/2017,33.58,32.48,31.638,33.318,2395.5,183.88
25/05/2017,27.21,30.58,29.737,31.421,2268.1,168.71
26/05/2017,24.21,22.92,22.079,23.767,2125.9,152.8
27/05/2017,22.1,19.49,18.643,20.335,1980.2,149.99
28/05/2017,22.82,21.89,21.044,22.74,2056.9,161.91
29/05/2017,24.79,25.94,25.086,26.786,2207.4,189.99
30/05/2017,23.67,22.75,21.894,23.598,2146.7,224.69
31/05/2017,24.78,24.74,23.883,25.591,2191.83,218.34
01/06/2017,26.5,26.13,25.278,26.99,2312,211.4
02/06/2017,26.97,27.32,26.466,28.182,2405.9,214.77
03/06/2017,26.42,27.32,26.456,28.176,2461,217.01
04/06/2017,27.42,28.64,27.775,29.499,2488.2,241.06
05/06/2017,30,27.15,26.285,28.013,2636.9,242.16
06/06/2017,29.76,29.57,28.703,30.435,2844.6,261.89
07/06/2017,28.1,25.11,24.239,25.975,2644,250.7
08/06/2017,29.85,32.48,31.606,33.346,2781.5,256.95
09/06/2017,29.51,28.75,27.878,29.622,2809,278.41
10/06/2017,28.72,30.13,29.257,31.005,2806,325.88
11/06/2017,33.15,33.38,32.504,34.256,2941.8,336.33
12/06/2017,27.99,28.47,27.59,29.346,2569.6,386.9
13/06/2017,30.08,33.71,32.832,34.592,2677.1,382.7
14/06/2017,28.27,29.93,29.051,30.815,2394.3,335.95
15/06/2017,28.57,27.21,26.329,28.097,2377.5,338.7
16/06/2017,33.25,36.72,35.837,37.609,2437.5,348.44
17/06/2017,45.36,43.72,42.833,44.609,2610.1,364.56
18/06/2017,43.11,43.13,42.243,44.023,2491.4,348.88
19/06/2017,47.2,50.26,49.365,51.149,2582,355.5
20/06/2017,45.77,50.17,49.28,51.068,2715.3,344.15
21/06/2017,43.76,41.98,41.087,42.879,2624.4,321.66
22/06/2017,45.85,45.87,44.969,46.765,2672.8,320.94
23/06/2017,45.23,46.41,45.51,47.31,2674.9,324.37
24/06/2017,41.31,43.02,42.113,43.917,2502.6,296.89
25/06/2017,40.16,38.67,37.768,39.576,2483.3,277
26/06/2017,37.78,38.21,37.305,39.117,2393.6,251.3
27/06/2017,39.55,41.31,40.4,42.216,2521.2,279
28/06/2017,41.19,39.94,39.034,40.854,2518.2,311.62
29/06/2017,39.27,36.32,35.411,37.235,2472.4,285.3
30/06/2017,38.83,42.09,41.179,43.007,2420.6,275.62
01/07/2017,37.01,37.05,36.132,37.964,2346.2,255
02/07/2017,40.4,38.81,37.894,39.73,2445.1,277.64
03/07/2017,45.3,42.4,41.48,43.32,2524,273.99
04/07/2017,54.59,61,60.074,61.918,2579.9,266.68
05/07/2017,52.75,55.08,54.156,56.004,2598.6,264.77
06/07/2017,50.83,49.77,48.847,50.699,2593.2,265.35
07/07/2017,45.69,43.99,43.063,44.919,2479.3,238.38
08/07/2017,50.92,47.76,46.826,48.686,2542,245.23
09/07/2017,48.2,47.37,46.434,48.298,2477.9,234.97
10/07/2017,44.32,42.27,41.334,43.202,2318.3,202
11/07/2017,43.44,40.64,39.708,41.58,2283.8,188.63
12/07/2017,46.84,45.93,44.989,46.865,2375.6,223.92
13/07/2017,45.17,42.19,41.255,43.135,2330.1,205
14/07/2017,42.35,41.98,41.033,42.917,2206.5,196.49
15/07/2017,38.38,38.21,37.263,39.151,1978.6,170.15
16/07/2017,40.93,39.84,38.898,40.79,1925,157.4
17/07/2017,42.13,40.19,39.237,41.133,2220,190.16
18/07/2017,43.47,45.42,44.473,46.373,2302.8,226.56
19/07/2017,40,42.15,41.203,43.107,2253.4,194.63
20/07/2017,44.85,47.44,46.491,48.399,2865.1,227.29
21/07/2017,45.45,45.15,44.198,46.11,2659,216.11
22/07/2017,47.01,45.31,44.352,46.268,2844.7,232.01
23/07/2017,45.11,45.74,44.778,46.698,2750.1,228.15
24/07/2017,45.1,47.49,46.531,48.455,2769.7,226.59
25/07/2017,42.08,42.1,41.139,43.067,2560.9,202.7
26/07/2017,42.1,40.22,39.25,41.182,2527.74,203.33
27/07/2017,41.77,37.94,36.968,38.904,2664.6,202.54
28/07/2017,40.44,36.61,35.636,37.576,2784.8,191.2
29/07/2017,41.05,41.01,40.039,41.983,2713.1,206.76
30/07/2017,40,39.21,38.239,40.187,2748.2,195.31
31/07/2017,42.11,39.16,38.185,40.137,2854.3,200.81
01/08/2017,43.12,39.12,38.144,40.1,2731.3,225.97
02/08/2017,41.81,42.16,41.184,43.144,2702,218
03/08/2017,42.58,40.9,39.914,41.878,2790.3,224.79
04/08/2017,43.02,43.66,42.678,44.646,2860,220.73
05/08/2017,46.26,48.9,47.915,49.887,3252.3,253.87
06/08/2017,45.49,47.45,46.462,48.438,3232.1,264.29
07/08/2017,46,43.9,42.912,44.892,3396,269.51
08/08/2017,49,47.11,46.117,48.101,3415,295.83
09/08/2017,47.56,44.08,43.085,45.073,3340.4,293.99
10/08/2017,46.5,46.25,45.256,47.248,3405,295.97
11/08/2017,46.96,42.42,41.423,43.419,3643.4,308.81
12/08/2017,45.88,49.85,48.854,50.854,3866.2,307.22
13/08/2017,45.28,39.05,38.053,40.057,4061.6,296.64
14/08/2017,45.5,46.69,45.691,47.699,4320.8,298.22
15/08/2017,42.97,43.56,42.55,44.562,4151.8,286
16/08/2017,43.91,43.38,42.371,44.387,4386.4,301.34
17/08/2017,43.62,42.68,41.671,43.691,4263,299
18/08/2017,46.52,46.11,45.103,47.127,4090.1,292
19/08/2017,44.98,41.81,40.794,42.822,4145,292.78
20/08/2017,45.69,42.04,41.019,43.051,4063.1,298.37
21/08/2017,47.97,45.51,44.488,46.524,3998.2,322.24
22/08/2017,46.25,43.18,42.164,44.204,4081.9,312.54
23/08/2017,53,54.49,53.465,55.509,4130.2,316.5
24/08/2017,49.66,54.79,53.77,55.818,4322.1,325.62
25/08/2017,50.92,54.2,53.176,55.228,4351.5,328.7
26/08/2017,51.53,49.2,48.176,50.232,4340.4,332.72
27/08/2017,60.5,60.9,59.872,61.932,4332.8,348.01
28/08/2017,62.14,62.51,61.479,63.543,4385.1,347.09
29/08/2017,63.53,63.37,62.339,64.407,4587.1,372
30/08/2017,65.45,68.46,67.427,69.499,4568,382.78
31/08/2017,72.69,72.04,71.001,73.077,4718.3,387.3
01/09/2017,87.13,87.45,86.408,88.488,4907.7,390.35
02/09/2017,78.49,77.63,76.585,78.669,4532.3,345
03/09/2017,78.51,75.31,74.262,76.35,4598.5,350.63
04/09/2017,66.8,68.52,67.475,69.567,4205,295.81
05/09/2017,73.28,73.21,72.16,74.256,4375,316.18
06/09/2017,81.11,79.62,78.572,80.672,4595.8,337.36
07/09/2017,80.1,76.01,74.956,77.06,4613.7,334.1
08/09/2017,72.91,66.88,65.829,67.937,4304,304
09/09/2017,70.75,71.85,70.792,72.904,4315.9,303.08
10/09/2017,67.21,68.2,67.145,69.261,4233.9,297.9
11/09/2017,68.12,68.08,67.021,69.141,4198.7,297.19
12/09/2017,65.94,71.06,69.995,72.119,4149.4,293.9
13/09/2017,61.65,62.77,61.711,63.839,3849.7,275.48
14/09/2017,45,41.31,40.244,42.376,3235.3,222.5
15/09/2017,51.82,49.81,48.739,50.875,3697.1,258.68
16/09/2017,51.82,52.16,51.093,53.233,3681.5,253
17/09/2017,50.72,53.54,52.469,54.613,3666.6,257
18/09/2017,56.3,53.82,52.746,54.894,4084.4,296.81
19/09/2017,52.58,53.56,52.481,54.633,3892.2,282.63
20/09/2017,51.5,50.64,49.559,51.715,3872.4,283.5
21/09/2017,46.4,45.2,44.123,46.283,3596.7,256.67
22/09/2017,47.5,47.15,46.07,48.234,3602.3,262.19
23/09/2017,49.28,48.06,46.978,49.146,3779.6,285.9
24/09/2017,47.3,50.03,48.946,51.118,3654.7,282
25/09/2017,52.4,52.37,51.287,53.463,3930.1,295.2
26/09/2017,52.2,55.02,53.93,56.11,3881.5,289.28
27/09/2017,56.82,58.72,57.625,59.809,4209.7,309.75
28/09/2017,54.92,53.97,52.875,55.063,4190,302.63
29/09/2017,52.88,54.21,53.112,55.304,4168,292.66
30/09/2017,55.56,47.37,46.269,48.465,4367.1,303.44
01/10/2017,54.87,52.46,51.362,53.562,4404.3,304.26
02/10/2017,53.26,50.05,48.945,51.149,4400.2,296.82
03/10/2017,52.08,56.15,55.048,57.256,4310.6,291.69
04/10/2017,51.24,51.25,50.143,52.355,4215.9,291.4
05/10/2017,51.67,49.76,48.647,50.863,4312,295.12
06/10/2017,52.06,56.07,54.963,57.183,4370,308.43
07/10/2017,52.57,52.43,51.315,53.539,4435.6,311.46
08/10/2017,53.31,56.29,55.174,57.402,4611.9,309.82
09/10/2017,50.07,46.85,45.73,47.962,4782.3,297.4
10/10/2017,50.7,46.79,45.667,47.903,4777.7,299.32
11/10/2017,50.8,56.47,55.35,57.59,4824.9,303.2
12/10/2017,60.5,56.31,55.188,57.432,5440,303.06
13/10/2017,59.31,63.11,61.982,64.23,5636.8,337.46
14/10/2017,63.94,57.58,56.45,58.702,5833.5,339.24
15/10/2017,65.86,64.83,63.704,65.96,5713.9,337.23
16/10/2017,64.78,64.15,63.018,65.278,5764.8,334.46
17/10/2017,59.19,53.37,52.241,54.505,5597.1,315.65
18/10/2017,60.5,57.78,56.646,58.914,5567,313.45
19/10/2017,59.55,60.1,58.968,61.24,5694.2,306.97
20/10/2017,59.98,55.18,54.039,56.315,5983.8,302.61
21/10/2017,58.01,62.13,60.989,63.269,6005.1,299.23
22/10/2017,56.42,54.79,53.65,55.934,5981.3,293.55
23/10/2017,54.53,52.18,51.036,53.324,5907.3,284.85
24/10/2017,55.64,56.49,55.341,57.633,5510,296.3
25/10/2017,56.04,52.32,51.169,53.465,5724.1,295.46
26/10/2017,55.5,57.8,56.645,58.945,5890,295.1
27/10/2017,54.96,52.27,51.114,53.418,5759.7,295.99
28/10/2017,54.01,57.67,56.519,58.827,5720.3,293.49
29/10/2017,56.84,57.35,56.199,58.511,6150,304.39
30/10/2017,56.18,54.17,53.015,55.331,6130,307
31/10/2017,55.55,57.49,56.335,58.655,6455.1,303.69
01/11/2017,52.85,51.05,49.893,52.217,6739.6,288.6
02/11/2017,53.99,54.58,53.413,55.741,7018.8,284.89
03/11/2017,55.83,57.41,56.242,58.574,7132,303.47
04/11/2017,54.64,54.51,53.342,55.678,7369.9,299.48
05/11/2017,54.44,52.52,51.348,53.688,7366.7,295.63
06/11/2017,54.38,56.18,55.008,57.352,6956.5,296.9
07/11/2017,60.34,64.85,63.674,66.022,7102,291.42
08/11/2017,62.41,61.7,60.527,62.879,7446.1,307.5
09/11/2017,64.31,65.73,64.554,66.91,7126.4,319.52
10/11/2017,58.61,62.27,61.091,63.451,6541.2,296.18
11/11/2017,61.69,60.6,59.419,61.783,6312.6,313.07
12/11/2017,58.26,60.64,59.456,61.824,5830.9,303.9
13/11/2017,61,61.69,60.5,62.872,6466.7,313.22
14/11/2017,61.99,63.3,62.108,64.484,6590,334.28
15/11/2017,63.03,65.17,63.98,66.36,7265.84,330.59
16/11/2017,70.85,75.96,74.772,77.156,7865.2,330.76
17/11/2017,67.13,63.35,62.157,64.545,7677.9,331
18/11/2017,69.59,75.77,74.576,76.968,7773.3,346.68
19/11/2017,71.9,67.16,65.966,68.362,8050,354.7
20/11/2017,72.33,70.1,68.896,71.296,8248.8,367.94
21/11/2017,69.99,74.17,72.971,75.375,8096.9,360
22/11/2017,71.74,72.93,71.721,74.129,8230.2,380.48
23/11/2017,72.37,71.25,70.045,72.457,7999.9,405.19
24/11/2017,77.89,73.79,72.584,75,8195.2,470.51
25/11/2017,88.44,93.14,91.932,94.352,8753.4,464
26/11/2017,88.37,89.61,88.399,90.823,8758.8,464
27/11/2017,90.76,83.57,82.361,84.789,9723.6,473.44
28/11/2017,94,94.86,93.646,96.078,9880,465.56
29/11/2017,83.68,89.97,88.755,91.191,9727,420.34
30/11/2017,85.77,86.22,84.996,87.436,9912.6,432.21
01/12/2017,97.84,106.37,105.149,107.593,10860,460.67
02/12/2017,98.83,88.1,86.874,89.322,10877,455.51
03/12/2017,99.99,96.91,95.679,98.131,11162,459.49
04/12/2017,103.42,103.45,102.225,104.681,11599,465
05/12/2017,99.49,97.16,95.929,98.389,11592,451.87
06/12/2017,96.51,94.7,93.466,95.93,13510,413.71
07/12/2017,93.56,93.48,92.244,94.712,16600,415.02
08/12/2017,120.9,119.13,117.891,120.363,15851,442.19
09/12/2017,149,143.06,141.824,144.3,14603,460.92
10/12/2017,144.6,149.9,148.658,151.138,14905,429.24
11/12/2017,210.11,206.26,205.018,207.502,16753,515.25
12/12/2017,292.04,296.95,295.701,298.189,16968,634.87
13/12/2017,295.35,293.84,292.595,295.087,16171,690.69
14/12/2017,276.31,261.32,260.071,262.567,16384,686.51
15/12/2017,295.55,281.57,280.32,282.82,17569,678.29
16/12/2017,295.67,287.61,286.36,288.864,19210,683.25
17/12/2017,313.5,308.39,307.138,309.646,18961,708.78
18/12/2017,355.5,363.6,362.343,364.855,18928,783.99
19/12/2017,340.8,320.02,318.761,321.277,17345,799.98
20/12/2017,304.31,318.91,317.655,320.175,16425,794.99
21/12/2017,306.63,293.35,292.091,294.615,15645,786.97
22/12/2017,248.37,219.01,217.742,220.27,13173,628.19
23/12/2017,269,287.12,285.854,288.386,14035,672.59
24/12/2017,261.99,255.48,254.209,256.745,13477,659.89
25/12/2017,261.14,274.64,273.367,275.907,13633,709.81
26/12/2017,278.78,272.78,271.511,274.055,15680,749.8
27/12/2017,263.53,260.49,259.22,261.768,15375,736.45
28/12/2017,247.45,253.55,252.275,254.827,14323,711.42
29/12/2017,239.51,246.58,245.304,247.86,14307,731.52
30/12/2017,206.99,193.75,192.468,195.028,12384,682.22
31/12/2017,225.4,242.17,240.885,243.449,13769,736.77
01/01/2018,223.51,244.17,242.887,245.455,13376,752.46
02/01/2018,250.11,239.13,237.841,240.413,14722,858.78
03/01/2018,244.21,236.46,235.168,237.744,15150,942.01
04/01/2018,237.76,254.34,253.051,255.631,15159,940
05/01/2018,242.9,229.27,227.98,230.564,16911,962.77
06/01/2018,278,312.17,310.881,313.469,17169,1004.3
07/01/2018,271.05,282.72,281.421,284.013,16214,1115.8
08/01/2018,252.77,273.5,272.205,274.801,14906,1129
09/01/2018,245,235.39,234.088,236.688,14425,1283.8
10/01/2018,249.24,234.45,233.146,235.75,14898,1246.9
11/01/2018,225.52,240.95,239.65,242.258,13254,1135.1
12/01/2018,234.96,219.48,218.171,220.783,13794,1257
13/01/2018,257.7,251.49,250.177,252.793,14199,1379.9
14/01/2018,235.24,256.06,254.747,257.367,13558,1349.7
15/01/2018,231.05,238.37,237.061,239.685,13601,1276.9
16/01/2018,181.8,155.9,154.588,157.216,11063,1019.6
17/01/2018,186.71,176.89,175.572,178.204,11108,1021.6
18/01/2018,187.66,161.9,160.578,163.214,11031,994
19/01/2018,191.68,183.02,181.702,184.342,11476,1032.6
20/01/2018,209.85,220.05,218.727,221.371,12731,1146.3
21/01/2018,189.96,192.63,191.305,193.953,11514,1047.7
22/01/2018,179.54,169.02,167.693,170.345,10779,997.52
23/01/2018,177.64,190.34,189.009,191.665,10811,981.8
24/01/2018,180.36,169.15,167.822,170.482,11391,1061.6
25/01/2018,178.8,169.89,168.557,171.221,11147,1048.2
26/01/2018,175.37,166.58,165.244,167.912,11069,1046.9
27/01/2018,181.49,208.95,207.618,210.29,11458,1113.9
28/01/2018,196.08,185.07,183.734,186.41,11829,1245.5
29/01/2018,181.51,161.65,160.313,162.993,11217.82,1174.3
30/01/2018,167.35,160.71,159.369,162.053,10171,1076.9
31/01/2018,164.5,147.01,145.663,148.351,10267,1120
01/02/2018,143.2,152.51,151.162,153.854,9181,1035
02/02/2018,132,118.77,117.424,120.12,8890.9,923.13
03/02/2018,161.35,164.61,163.257,165.957,9225,972.1
04/02/2018,147.47,150.45,149.103,151.807,8185.2,825.3
05/02/2018,125.32,119.34,117.985,120.693,6947.2,698.62
06/02/2018,141.81,132.77,131.409,134.121,7678.8,782.99
07/02/2018,137.93,140.29,138.937,141.653,7586.9,752.8
08/02/2018,149.86,138.99,137.63,140.35,8239.7,813.11
09/02/2018,163.61,173.93,172.566,175.29,8678.1,878.01
10/02/2018,154.82,156.42,155.061,157.789,8563,851.09
11/02/2018,148.92,154.18,152.809,155.541,8070.5,810.46
12/02/2018,161.39,179.04,177.676,180.412,8902.9,866.4
13/02/2018,159.19,179.67,178.302,181.042,8511.6,839.83
14/02/2018,211.97,210.06,208.69,211.434,9455.5,919.13
15/02/2018,220.47,233.17,231.796,234.544,9996,925.02
16/02/2018,228.5,238.13,236.75,239.502,10162,937.38
17/02/2018,228.9,227.4,226.022,228.778,11062,973.28
18/02/2018,213.57,231,229.62,232.38,10400,913.13
19/02/2018,221.63,208.5,207.12,209.884,11172,939.19
20/02/2018,228.98,220.49,219.11,221.878,11211,883.91
21/02/2018,210.05,207.6,206.213,208.985,10450,837.79
22/02/2018,192.47,180.84,179.453,182.229,9826.5,802.85
23/02/2018,206.21,220.14,218.752,221.532,10144,852.56
24/02/2018,206.33,196.08,194.692,197.476,9666.3,831.51
25/02/2018,218.13,238.07,236.68,239.468,9581.9,838.47
26/02/2018,218.36,207.79,206.392,209.184,10320,867.77
27/02/2018,214.96,228.69,227.289,230.085,10582,871.33
28/02/2018,202.02,192.98,191.581,194.381,10315,851.26
01/03/2018,209.26,213.12,211.719,214.523,10923,869.24
02/03/2018,213.32,221.88,220.475,223.283,11024,854.5
03/03/2018,209.92,215.25,213.847,216.659,11454,855.29
04/03/2018,213.47,196.76,195.347,198.163,11499,866.06
05/03/2018,210,197.01,195.603,198.423,11402,848.13
06/03/2018,196.14,206.48,205.065,207.889,10720,814.45
07/03/2018,185.17,198.28,196.871,199.699,9910.6,749.2
08/03/2018,175.48,178.53,177.113,179.945,9300,697.3
09/03/2018,186.04,198.82,197.399,200.235,9216.2,724.61
10/03/2018,176.5,164.59,163.167,166.007,8769.9,679.68
11/03/2018,188.18,177.6,176.179,179.023,9527.7,719.86
12/03/2018,177.42,182.21,180.783,183.631,9130.2,696.52
13/03/2018,175.14,177.16,175.734,178.586,9135.2,688.49
14/03/2018,160.11,169,167.575,170.431,8177.2,610.91
15/03/2018,164.08,168.05,166.619,169.479,8250,609.9
16/03/2018,163.84,184.54,183.111,185.975,8250,598.77
17/03/2018,152.2,169.42,167.988,170.856,7845,548.82
18/03/2018,153.54,151.97,150.535,153.407,8200.3,536.73
19/03/2018,161.49,150.54,149.104,151.98,8600.2,554.99
20/03/2018,168.73,157.42,155.983,158.863,8899.7,556.38
21/03/2018,168.53,172.96,171.516,174.4,8888.2,558.78
22/03/2018,163.77,143.41,141.967,144.855,8699.3,539.19
23/03/2018,168.76,169.83,168.389,171.281,8914.4,543.85
24/03/2018,158.95,169.42,167.974,170.87,8522.7,518.8
25/03/2018,159.95,164.63,163.182,166.082,8445,522.41
26/03/2018,148.09,148.33,146.877,149.781,8131.12,485.2
27/03/2018,134.87,134.27,132.817,135.725,7784.6,448.22
28/03/2018,131.53,118.88,117.425,120.337,7936,445.43
29/03/2018,114.58,107.66,106.198,109.114,7094,384.11
30/03/2018,118.28,124.02,122.562,125.482,6840.4,393.08
31/03/2018,116,104.52,103.062,105.986,6925.4,393.37
01/04/2018,114.9,123.3,121.831,124.759,6816.6,378.67
02/04/2018,119.17,114.31,112.843,115.775,7053.3,384.25
03/04/2018,134,126.62,125.154,128.09,7405.6,415.44
04/04/2018,118.18,120.13,118.655,121.595,6785.9,377.99
05/04/2018,118.45,114.77,113.302,116.246,6769,380.99
06/04/2018,112.85,117.26,115.784,118.732,6610,369.73
07/04/2018,115.92,100.13,98.651,101.603,6892.6,384.16
08/04/2018,117.6,112.54,111.061,114.017,7023.9,400.33
09/04/2018,114.79,113.07,111.587,114.547,6770,398.82
10/04/2018,114.2,120.02,118.539,121.503,6837.1,415.12
11/04/2018,118.35,119.55,118.062,121.03,6943.1,429.74
12/04/2018,129.54,137.3,135.81,138.782,7912,493.55
13/04/2018,125.54,118.65,117.158,120.134,7886.9,495.93
14/04/2018,126.36,136.98,135.493,138.473,8003,502.44
15/04/2018,132.66,141.09,139.593,142.577,8357.5,534.04
16/04/2018,128.82,123.72,122.223,125.211,8056.2,511.29
17/04/2018,132.2,150.73,149.231,152.223,7888.9,503.13
18/04/2018,140.26,144.29,142.797,145.793,8171,525.55
19/04/2018,146.61,159.08,157.583,160.583,8273,566.92
20/04/2018,155.73,142.53,141.028,144.032,8865.4,616.44
21/04/2018,148.5,148.81,147.306,150.314,8912.5,604.62
22/04/2018,146.5,149.52,148.014,151.026,8791.4,621.11
23/04/2018,152.5,149.02,147.508,150.524,8940,643.98
24/04/2018,164.57,155.22,153.714,156.734,9646.8,702.98
25/04/2018,144.98,147.85,146.339,149.363,8868.4,618.09
26/04/2018,153.12,165.65,164.136,167.164,9269.9,661
27/04/2018,145.68,163.02,161.505,164.537,8920.1,643.49
28/04/2018,151.99,164.19,162.67,165.706,9345.7,683.27
29/04/2018,153.46,140.1,138.577,141.617,9400,689.93
30/04/2018,148.07,161.86,160.336,163.38,9240.6,670.33
01/05/2018,148.03,135.36,133.841,136.889,9068.2,671.01
02/05/2018,151.72,149.07,147.545,150.597,9236.4,688
03/05/2018,161.55,158.68,157.154,160.21,9759,779.39
04/05/2018,169.33,161.35,159.818,162.878,9703,785.52
05/05/2018,178.81,198.08,196.544,199.608,9861.2,819.69
06/05/2018,172.3,185.51,183.977,187.045,9658.7,793.79
07/05/2018,164.3,154.02,152.485,155.557,9370,752.14
08/05/2018,159.07,138.99,137.454,140.53,9184.7,747.94
09/05/2018,156.7,158.8,157.26,160.34,9318.2,751.86
10/05/2018,148.14,134.88,133.339,136.423,9018,723.38
11/05/2018,136.41,153.7,152.152,155.24,8412.4,677.99
12/05/2018,141.44,144.74,143.197,146.289,8470.8,683.32
13/05/2018,144.24,135.73,134.182,137.278,8683.6,728.78
14/05/2018,147.42,161.76,160.211,163.311,8670.8,727.41
15/05/2018,139.25,124.87,123.322,126.426,8467.5,705.06
16/05/2018,139.17,131.27,129.718,132.826,8336.1,706.57
17/05/2018,132.43,147.93,146.378,149.49,8054.3,667.84
18/05/2018,136.08,128.06,126.497,129.613,8238.9,693.61
19/05/2018,135.14,135.27,133.709,136.829,8231,695.87
20/05/2018,139.75,135.53,133.969,137.093,8523.6,715.5
21/05/2018,134.12,125.31,123.743,126.871,8398.8,696.13
22/05/2018,127.9,134.21,132.647,135.779,7977.85,640
23/05/2018,118.32,124.61,123.045,126.181,7494.8,576.89
24/05/2018,122.68,123.44,121.867,125.007,7576.7,602.52
25/05/2018,119.04,117.25,115.678,118.822,7456.7,584.42
26/05/2018,118.38,117.29,115.714,118.862,7327.7,585.6
27/05/2018,117.84,115.16,113.584,116.736,7339.7,569
28/05/2018,110.9,106.76,105.184,108.34,7097.9,511.98
29/05/2018,119.52,118.95,117.367,120.527,7465.2,566.98
30/05/2018,117.16,124.88,123.302,126.466,7375.12,557.01
31/05/2018,118.31,118.27,116.682,119.85,7485.8,577
01/06/2018,120.4,111.05,109.459,112.631,7521,579.24
02/06/2018,123.69,117.48,115.896,119.072,7638.1,590.44
03/06/2018,125.42,127.15,125.562,128.742,7718,619.4
04/06/2018,119.89,126.25,124.658,127.842,7488.3,591.09
05/06/2018,122.39,128.68,127.082,130.27,7621.9,608.69
06/06/2018,121.55,130.45,128.855,132.047,7654,606.67
07/06/2018,121.65,115.89,114.297,117.493,7688.9,605.39
08/06/2018,119.97,117.35,115.746,118.946,7615.1,599.9
09/06/2018,117.31,114.95,113.348,116.552,7498.5,593.2
10/06/2018,106.41,104.97,103.367,106.575,6758,523.55
11/06/2018,106.89,111.55,109.948,113.16,6873.3,530.77
12/06/2018,99.82,95.08,93.47,96.686,6543.9,494.25
13/06/2018,93.52,97.14,95.534,98.754,6295.1,476.15
14/06/2018,100.81,88.99,87.376,90.6,6633.7,519.85
15/06/2018,95.5,93.3,91.684,94.912,6385,487.27
16/06/2018,96.64,99.67,98.058,101.29,6485.9,497.02
17/06/2018,94.87,95.01,93.391,96.627,6438.4,497.08
18/06/2018,98.84,107.38,105.759,108.999,6709.2,517.64
19/06/2018,98.76,95.39,93.764,97.008,6735.5,538.47
20/06/2018,97.88,85.53,83.91,87.158,6760.4,536.26
21/06/2018,96.71,93.93,92.309,95.561,6715.2,526.11
22/06/2018,84.9,85.57,83.938,87.194,6042.6,461.77
23/06/2018,82.66,91.76,90.134,93.394,6151.93,473.47
24/06/2018,80.6,78.17,76.54,79.804,6148.04,455.32
25/06/2018,81.49,76.17,74.534,77.802,6246.6,459
26/06/2018,75.8,75.56,73.926,77.198,6073.4,429.32
27/06/2018,80.69,84.77,83.129,86.405,6133.09,441.65
28/06/2018,74.03,75.83,74.187,77.467,5848.1,420.78
29/06/2018,79.15,75.89,74.249,77.533,6208.1,435.7
30/06/2018,81.22,78.1,76.452,79.74,6391.5,453.85
01/07/2018,79.91,70.74,69.093,72.385,6349.7,452.03
02/07/2018,85.57,77.09,75.444,78.74,6617.6,476.8
03/07/2018,85.02,89.89,88.24,91.54,6509,462.01
04/07/2018,85.42,87.27,85.621,88.925,6590,467.47
05/07/2018,83.32,94.64,92.99,96.298,6531.7,467.52
06/07/2018,83.12,83.69,82.035,85.347,6602.2,470.37
07/07/2018,85.02,82.72,81.058,84.374,6761.8,486.72
08/07/2018,82.18,88.33,86.67,89.99,6707,486.1
09/07/2018,80.45,85.03,83.364,86.688,6666.9,471.55
10/07/2018,75.87,79.9,78.237,81.565,6301.8,432.44
11/07/2018,78.18,79.99,78.328,81.66,6377.8,445.14
12/07/2018,77,75.4,73.731,77.067,6249,431
13/07/2018,76.48,79.12,77.446,80.786,6220,432.17
14/07/2018,76.18,75.76,74.091,77.435,6250,433.5
15/07/2018,78.67,83.52,81.848,85.196,6347.2,449.9
16/07/2018,83.66,85.82,84.144,87.496,6729.2,479.1
17/07/2018,89.07,83.66,81.981,85.337,7319.8,499.11
18/07/2018,86.32,82.27,80.588,83.948,7379.4,478.97
19/07/2018,86.13,87.34,85.662,89.026,7473.5,468.64
20/07/2018,81.89,87.3,85.615,88.983,7333.1,449.13
21/07/2018,83.44,81.56,79.878,83.25,7403.4,460.74
22/07/2018,82.22,77.17,75.486,78.862,7397.6,457.99
23/07/2018,81.39,78.45,76.756,80.136,7718.9,449.6
24/07/2018,89.41,95.99,94.302,97.686,8390,479.33
25/07/2018,86.4,80.85,79.159,82.547,8178.4,471.89
26/07/2018,83.6,77.41,75.716,79.108,7939,462.3
27/07/2018,84.42,85.72,84.021,87.417,8188,470.21
28/07/2018,84.19,84.4,82.701,86.101,8235.6,469.25
29/07/2018,84.08,79.48,77.778,81.182,8221,466.47
30/07/2018,82.17,80.83,79.127,82.535,8179.5,456.65
31/07/2018,78.78,78.28,76.569,79.981,7731.3,431.98
01/08/2018,77.64,78.8,77.096,80.512,7606,420.03
02/08/2018,76.13,73.56,71.848,75.268,7535.2,410.89
03/08/2018,77.56,78.41,76.698,80.122,7420,417.66
04/08/2018,73,79.58,77.862,81.29,7013.22,407
05/08/2018,74.64,74.41,72.698,76.13,7025.8,408.75
06/08/2018,73.57,70.5,68.786,72.222,6941.2,404.95
07/08/2018,67.28,68.64,66.922,70.362,6718.8,377.82
08/08/2018,62.14,54.25,52.525,55.969,6280.7,355.62
09/08/2018,62.9,64.86,63.133,66.581,6533.6,363.27
10/08/2018,59.13,63.32,61.595,65.047,6146.7,331.77
11/08/2018,55.47,54.01,52.284,55.74,6086.2,309.22
12/08/2018,55.47,54.78,53.051,56.511,6086.2,309.22
13/08/2018,56.48,52.66,50.93,54.394,6251.9,283.92
14/08/2018,54.34,53.95,52.219,55.687,6189,278.38
15/08/2018,54.36,48.38,46.646,50.118,6270.2,281.27
16/08/2018,55.3,58.43,56.69,60.166,6315.6,286.87
17/08/2018,61.81,59.49,57.751,61.231,6584.05,317.68
18/08/2018,57.13,60.43,58.689,62.173,6391.2,294.3
19/08/2018,57.78,58.78,57.038,60.526,6485.1,299.37
20/08/2018,53.4,53.02,51.278,54.77,6255.9,270.71
21/08/2018,56.42,53.56,51.815,55.311,6479.1,281.25
22/08/2018,55.16,53.31,51.555,55.055,6362.1,270.5
23/08/2018,57.27,60.08,58.328,61.832,6527.2,275.86
24/08/2018,57.89,54.5,52.749,56.257,6693.6,281.28
25/08/2018,57.87,55.7,53.948,57.46,6732.9,277.29
26/08/2018,57.07,60.43,58.671,62.187,6707,274.34
27/08/2018,60.72,57.59,55.833,59.353,6909.4,288.17
28/08/2018,63.15,62.37,60.609,64.133,7079.9,295.59
29/08/2018,61.53,60.45,58.69,62.218,7039,288.76
30/08/2018,60.25,57.45,55.685,59.217,6986,284.11
31/08/2018,62.13,66.54,64.769,68.305,7014.6,281.63
01/09/2018,66.5,68.11,66.342,69.882,7197.4,295.72
02/09/2018,66.25,61.99,60.214,63.758,7300,295.23
03/09/2018,65.41,63.04,61.263,64.811,7267.8,289.28
04/09/2018,67.6,70.16,68.388,71.94,7358.9,285.34
05/09/2018,57.76,60.36,58.581,62.137,6704,228.39
06/09/2018,57.54,62.11,60.332,63.892,6516.1,229.74
07/09/2018,55.52,54.34,52.556,56.12,6397,215.17
08/09/2018,53.05,56.99,55.203,58.771,6184.94,196.7
09/09/2018,54.73,60.34,58.559,62.131,6239.9,196.04
10/09/2018,54.39,55.95,54.166,57.742,6314.9,197.29
11/09/2018,52.06,51.54,49.749,53.329,6290.9,185.21
12/09/2018,51.65,55.4,53.607,57.191,6332.42,183.17
13/09/2018,54.4,51.43,49.633,53.221,6489,211.09
14/09/2018,56.18,59.46,57.664,61.256,6480.1,208.49
15/09/2018,56.34,55.59,53.793,57.389,6512.8,221.48
16/09/2018,56.79,63.12,61.317,64.917,6498.4,220.16
17/09/2018,52.09,49.82,48.017,51.621,6252,196.03
18/09/2018,54,51.29,49.487,53.095,6335.4,208.36
19/09/2018,54.36,48.37,46.561,50.173,6390.9,209.83
20/09/2018,56.65,55.72,53.909,57.525,6493.91,225
21/09/2018,60.92,63.14,61.328,64.948,6762.1,247.8
22/09/2018,60.68,60.85,59.043,62.667,6723,241
23/09/2018,61.41,64.69,62.873,66.501,6710,244.7
24/09/2018,57.96,59.08,57.26,60.892,6585.1,227.85
25/09/2018,57.52,60.11,58.289,61.925,6442.8,219.26
26/09/2018,57.25,60.86,59.042,62.682,6462.4,214.26
27/09/2018,63.33,68.61,66.784,70.428,6691.2,229.26
28/09/2018,61.95,68.68,66.858,70.506,6635.2,221.92
29/09/2018,61.64,52.96,51.131,54.783,6597.3,231.52
30/09/2018,61.22,64.5,62.668,66.324,6622.4,232.86
01/10/2018,60.39,62.98,61.147,64.807,6601.9,231.49
02/10/2018,59.5,63.88,62.053,65.717,6527.6,225.97
03/10/2018,57.57,54.67,52.831,56.499,6503.2,220.74
04/10/2018,58.3,67.69,65.858,69.53,6590.4,222.36
05/10/2018,59.03,60.63,58.788,62.464,6639.9,228.54
06/10/2018,57.92,61.63,59.789,63.469,6595.2,225.31
07/10/2018,58.3,54.32,52.475,56.159,6609.4,226.28
08/10/2018,59.67,55.33,53.489,57.177,6673.2,230.2
09/10/2018,59.06,63.15,61.303,64.995,6663,228.58
10/10/2018,58.48,58.69,56.845,60.541,6630.07,226.7
11/10/2018,51.27,45.73,43.882,47.582,6251.9,191.16
12/10/2018,53.72,52.76,50.912,54.616,6291.9,197.02
13/10/2018,54.09,55.51,53.659,57.367,6326.5,201.23
14/10/2018,52.58,58.54,56.68,60.392,6336.4,196.75
15/10/2018,56.08,52.21,50.353,54.069,6742,214.31
16/10/2018,55.8,57.48,55.624,59.344,6721.74,212.2
17/10/2018,55.38,49.68,47.816,51.54,6736,212.83
18/10/2018,53.5,53.01,51.151,54.879,6613.2,206.08
19/10/2018,53.71,53.77,51.9,55.632,6525.1,204.93
20/10/2018,54.25,55.58,53.709,57.445,6586.7,208.16
21/10/2018,53.63,58.83,56.956,60.696,6590.9,207.29
22/10/2018,53.07,56.59,54.722,58.466,6567.3,206.56
23/10/2018,53.32,47.48,45.604,49.352,6550,205.9
24/10/2018,53.02,48.79,46.916,50.668,6554.1,205.23
25/10/2018,52.87,50.07,48.19,51.946,6528,203.68
26/10/2018,52.65,54.07,52.194,55.954,6531.5,205.03
27/10/2018,52.3,53.97,52.089,55.853,6500.2,204.23
28/10/2018,52.05,45.44,43.553,47.321,6490.1,204.97
29/10/2018,49.13,48.88,46.99,50.762,6346.5,196.91
30/10/2018,49.33,49.86,47.968,51.744,6330.1,197.33
31/10/2018,49.96,51.33,49.44,53.22,6368.39,198.7
01/11/2018,50.62,46.9,45.01,48.794,6406.1,199.81
02/11/2018,51.75,50.5,48.609,52.397,6427,202.22
03/11/2018,51.08,48.75,46.857,50.649,6389.1,200.3
04/11/2018,54.67,56.29,54.396,58.192,6491.7,212.3
05/11/2018,53.97,59.62,57.717,61.517,6470.2,210.83
06/11/2018,56.43,67.79,65.884,69.688,6522.2,220.83
07/11/2018,54.49,54.12,52.22,56.028,6572.9,218.98
08/11/2018,52.73,53.21,51.299,55.111,6475.3,212.7
09/11/2018,52.29,53.27,51.362,55.178,6418.7,211.01
10/11/2018,52.52,51.58,49.665,53.485,6431.1,213.2
11/11/2018,51.46,49.91,47.998,51.822,6447.9,212.99
12/11/2018,51.28,50.83,48.912,52.74,6446.9,212.68
13/11/2018,50.43,50.18,48.263,52.095,6459.07,209.85
14/11/2018,45,43.45,41.528,45.364,5922.4,187.21
15/11/2018,44.69,46.41,44.486,48.326,5749.6,184.15
16/11/2018,43,48.68,46.76,50.604,5655.7,176.95
17/11/2018,42.48,41.71,39.789,43.637,5628.3,175.9
18/11/2018,42.57,42.16,40.236,44.088,5659.5,178.96
19/11/2018,37.15,37.47,35.54,39.396,4920.7,150.93
20/11/2018,33.84,35.52,33.589,37.449,4571,133.85
21/11/2018,35.16,33.63,31.701,35.565,4662.7,138.18
22/11/2018,32.09,31.68,29.751,33.619,4369.6,126.3
23/11/2018,32.73,37.78,35.845,39.717,4422.7,125.24
24/11/2018,29.73,27.45,25.512,29.388,3929.9,114.8
25/11/2018,31.55,33.63,31.695,35.575,4089.1,118.72
26/11/2018,30.22,32.12,30.182,34.066,3864.1,110.75
27/11/2018,31.64,31.24,29.297,33.185,3882.7,111.72
28/11/2018,35.1,32.9,30.954,34.846,4305,124.05
29/11/2018,34.07,35.84,33.887,37.783,4321.9,118.51
30/11/2018,32.2,32.96,31.005,34.905,4039.5,113.68
01/12/2018,34.62,38.37,36.416,40.32,4241.3,119.65
02/12/2018,34,33.57,31.62,35.528,4173,117.12
03/12/2018,31.06,31.62,29.662,33.574,3901.2,109.22
04/12/2018,31.28,33.87,31.913,35.829,3981.9,110.77
05/12/2018,29.25,30.27,28.306,32.226,3772.9,102.66
06/12/2018,26.9,26,24.033,27.957,3531,91.97
07/12/2018,25.44,26.79,24.822,28.75,3460,94.79
08/12/2018,24.94,24.56,22.593,26.525,3506,92.98
09/12/2018,26.04,23.63,21.663,25.599,3642.3,96.03
10/12/2018,24.78,24.51,22.537,26.477,3524.8,92.2
11/12/2018,23.93,23.08,21.103,25.047,3452.1,89.76
12/12/2018,24.77,23.13,21.157,25.105,3535.6,91.85
13/12/2018,23.47,23,21.026,24.978,3354.3,87.9
14/12/2018,23.77,22.03,20.047,24.003,3281.7,85.2
15/12/2018,24.13,24.02,22.04,26,3283.4,85.74
16/12/2018,26.12,25.73,23.751,27.715,3301.5,86.56
17/12/2018,29.88,29.93,27.947,31.915,3625,97.25
18/12/2018,30.97,33.17,31.188,35.16,3780.8,104.08
19/12/2018,29.95,33.73,31.738,35.714,3810,102.36
20/12/2018,33.54,32.06,30.074,34.054,4214.5,118.47
21/12/2018,31.31,27.93,25.934,29.918,3976,111.11
22/12/2018,32.82,34.52,32.526,36.514,4135,120.49
23/12/2018,34.12,34.08,32.082,36.074,4071.7,133.76
24/12/2018,33.88,35.17,33.172,37.168,4140.7,142.53
25/12/2018,31.92,38.54,36.543,40.543,3909.7,132.99
26/12/2018,31.53,32.93,30.929,34.933,3929.9,134.58
27/12/2018,28.69,30.99,28.983,32.991,3712,118.57
28/12/2018,33.47,32.15,30.141,34.153,4036.7,142.15
29/12/2018,31.9,32.32,30.317,34.333,3894,140.33
30/12/2018,32.87,33,30.989,35.009,3977.3,144.18
31/12/2018,30.96,29.13,27.12,31.144,3830.5,136
01/01/2019,32.94,34.14,32.122,36.15,3963.1,145
02/01/2019,34.29,35,32.987,37.019,4048.8,159.36
03/01/2019,32.75,34.5,32.478,36.514,3924.3,152.42
04/01/2019,33.14,30.7,28.679,32.719,3954.9,158.48
05/01/2019,35.61,38.2,36.177,40.221,3911.9,158.32
06/01/2019,40.08,39.07,37.049,41.097,4168.4,160.84
07/01/2019,38.65,40.47,38.441,42.493,4113.9,154.79
08/01/2019,40.16,41.73,39.7,43.756,4100,152.86
09/01/2019,39.33,41.71,39.682,43.742,4083.3,152.65
10/01/2019,34.02,34.99,32.956,37.02,3712.8,129.5
11/01/2019,32.47,33.28,31.248,35.316,3714.8,128.73
12/01/2019,32.69,34.7,32.661,36.733,3702,127.41
13/01/2019,30.51,30.58,28.542,32.618,3591,117.94
14/01/2019,32.8,31.39,29.348,33.428,3749.3,131.45
15/01/2019,31.64,31.1,29.056,33.14,3654.3,122.6
16/01/2019,31.98,31.64,29.592,33.68,3673.6,124.36
17/01/2019,32.33,29.89,27.847,31.939,3722.5,125.25
18/01/2019,31.45,32.18,30.135,34.231,3675.7,121.84
19/01/2019,32.89,33.59,31.537,35.637,3762.3,126.01
20/01/2019,30.98,29.4,27.349,31.453,3586.1,119.1
21/01/2019,31.3,30.85,28.795,32.903,3579.4,117.5
22/01/2019,32.06,31.69,29.634,33.746,3639.1,120.19
23/01/2019,32.3,31.72,29.662,33.778,3622.3,118.76
24/01/2019,33.24,34.29,32.229,36.349,3652.71,119.05
25/01/2019,33.25,32.26,30.194,34.318,3628.9,117.27
26/01/2019,33.4,35.43,33.369,37.497,3631.2,117.27
27/01/2019,32.6,35.89,33.822,37.954,3597.1,113.43
28/01/2019,31.51,28.53,26.458,30.594,3501.89,107.49
29/01/2019,31.42,29.95,27.877,32.017,3477.9,106.3
30/01/2019,32.33,35.28,33.213,37.357,3529.6,110.62
31/01/2019,32.04,34.65,32.579,36.727,3503.8,108.49
01/02/2019,33.34,31.3,29.22,33.372,3534.77,108.94
02/02/2019,35.13,36.27,34.187,38.343,3564.2,112.71
03/02/2019,33.84,37.81,35.733,39.893,3501.74,108.63
04/02/2019,34.39,33.32,31.24,35.404,3490.47,108.46
05/02/2019,34.76,32.39,30.303,34.471,3513,108.69
06/02/2019,33.27,35.53,33.439,37.611,3451.9,106.05
07/02/2019,33.65,30.84,28.749,32.925,3438.4,105.81
08/02/2019,43.81,44.26,42.166,46.346,3724,121.21
09/02/2019,45.34,43.5,41.408,45.592,3718.3,121.01
10/02/2019,47.6,48.78,46.69,50.878,3747.7,127.37
11/02/2019,43.51,46.28,44.183,48.375,3681.08,122.68
12/02/2019,44.72,45.97,43.874,48.07,3694.2,124.75
13/02/2019,42.33,43.16,41.059,45.259,3666.1,123.85
14/02/2019,42.02,41.49,39.384,43.588,3656.7,122.55
15/02/2019,43.34,42.66,40.558,44.766,3670.1,123.75
16/02/2019,44.1,45.95,43.841,48.053,3676.45,124.68
17/02/2019,44.8,45.9,43.796,48.012,3735.5,136.15
18/02/2019,48.83,50.96,48.846,53.066,3978.1,148.87
19/02/2019,48.11,48.57,46.456,50.68,3989.9,146.61
20/02/2019,52.56,52.84,50.725,54.953,4055,151.41
21/02/2019,49.78,49.02,46.907,51.139,4008.8,148.3
22/02/2019,50.44,51.78,49.667,53.903,4058.3,151.27
23/02/2019,52.6,49.08,46.964,51.204,4212.2,161.54
24/02/2019,44.76,43.41,41.286,45.53,3831.3,135.22
25/02/2019,46.49,46.12,43.991,48.239,3921.8,141.21
26/02/2019,45.88,48.41,46.287,50.539,3897,139.37
27/02/2019,46.13,44.03,41.906,46.162,3900.1,137.71
28/02/2019,46.62,42.51,40.385,44.645,3894,138.17
01/03/2019,48.15,46.97,44.835,49.099,3914,138.5
02/03/2019,49.57,48.77,46.637,50.905,3913,135.6
03/03/2019,48.88,46.43,44.289,48.561,3885,133.23
04/03/2019,46.82,45.3,43.165,47.441,3800.3,128.39
05/03/2019,53.84,53.6,51.462,55.742,3951.6,140
06/03/2019,56.6,54.12,51.978,56.262,3951.4,140.57
07/03/2019,58,63.04,60.898,65.186,3964.4,140.04
08/03/2019,56.7,62.04,59.892,64.184,3940.5,136.18
09/03/2019,59,63.76,61.617,65.913,4017.33,140.04
10/03/2019,57.81,54.13,51.976,56.276,4000,138.2
11/03/2019,55.97,56.42,54.268,58.572,3949.1,135.41
12/03/2019,57.65,51.74,49.582,53.89,3954.1,136.27
13/03/2019,56.41,54.33,52.174,56.486,3946.2,134.52
14/03/2019,57.01,56.6,54.44,58.756,3948.3,134.72
15/03/2019,59.64,58.21,56.052,60.372,4003.2,139.15
16/03/2019,62.4,63.34,61.179,65.503,4088.04,143.79
17/03/2019,61.84,62.2,60.034,64.362,4068.9,141.71
18/03/2019,60.37,61.91,59.742,64.074,4073.7,140.6
19/03/2019,60.98,62.75,60.586,64.922,4085.3,141.46
01/04/2019,61.23,63.18,61.015,65.355,4196.8,143.2
02/04/2019,77.77,78.11,75.939,80.283,4922.1,165.5
03/04/2019,85.4,86.96,84.79,89.138,4978,161.17
04/04/2019,85.58,90.48,88.3,92.652,4938.9,158.66
05/04/2019,89.41,91.85,89.673,94.029,5083,167.07
06/04/2019,92.94,92.86,90.683,95.043,5091.1,167.08
07/04/2019,92.74,90.66,88.477,92.841,5238,176.62
08/04/2019,89.9,91.55,89.369,93.737,5312.4,181.46
09/04/2019,87.24,95.1,92.911,97.283,5216.3,176.8
10/04/2019,88.23,85.98,83.79,88.166,5310.1,177.2
11/04/2019,79.66,80.94,78.748,83.128,5059,165.6
12/04/2019,79.5,72.07,69.882,74.266,5114,165.3
13/04/2019,78.47,72.12,69.923,74.311,5103.74,165.2
14/04/2019,84.27,82.04,79.841,84.233,5194.4,169.08
15/04/2019,78.23,78.75,76.551,80.947,5042.79,160.33
16/04/2019,81.28,80.51,78.308,82.708,5234.4,167.44
17/04/2019,79.67,82.04,79.839,84.243,5254.5,167.5
18/04/2019,82.66,81.13,78.929,83.337,5310.86,175.13
19/04/2019,82.98,96.12,93.918,98.33,5314.1,174.6
20/04/2019,81.8,87.86,85.651,90.067,5340.04,174.27
21/04/2019,77.61,76.82,74.609,79.029,5321.9,170.6
22/04/2019,77.37,81.23,79.022,83.446,5417.8,172.27
23/04/2019,74.38,71.98,69.771,74.199,5546.1,170.81
24/04/2019,73.76,69.97,67.755,72.187,5479.6,166.7
25/04/2019,71.75,69.66,67.439,71.875,5215.6,154.55
26/04/2019,75.37,77.75,75.531,79.971,5410.9,160.95
27/04/2019,73.84,66.38,64.154,68.598,5401.9,162.79
28/04/2019,72.2,70.48,68.259,72.707,5486.8,163.13
29/04/2019,70.94,71.01,68.786,73.238,5480.1,162.35
30/04/2019,78.28,79.36,77.133,81.589,5599.52,170.5
01/05/2019,76.88,74.3,72.072,76.532,5629.5,167.67
02/05/2019,76.86,83.16,80.929,85.393,5723.8,169.25
03/05/2019,82.68,73.73,71.494,75.962,6017,175.29
04/05/2019,81.18,75.03,72.796,77.268,6098.1,170.95
05/05/2019,79.23,74.4,72.16,76.636,6041.4,171.01
06/05/2019,78.62,78.29,76.048,80.528,6027.9,181.6
07/05/2019,80.8,83.66,81.416,85.9,6249.02,186.47
08/05/2019,77.13,82.68,80.439,84.927,6201.5,177.09
09/05/2019,75.21,74.92,72.67,77.162,6262,173.42
10/05/2019,77.69,83.41,81.165,85.661,6438.7,174.26
11/05/2019,87.05,87.35,85.102,89.602,7125.1,190.47
12/05/2019,85.13,85.35,83.102,87.606,6983.4,188.25
13/05/2019,87.17,81.58,79.322,83.83,7770.7,194.85
14/05/2019,91.33,90.63,88.374,92.886,7951.9,216.5
15/05/2019,101.8,101.15,98.893,103.409,8136.63,246.78
16/05/2019,95.41,101.8,99.544,104.064,7859.7,263.99
17/05/2019,90.4,85.42,83.161,87.685,7417.9,246.29
18/05/2019,86.54,93.58,91.315,95.843,7260.1,233.52
19/05/2019,94.88,89.3,87.038,91.57,8188.3,260.29
20/05/2019,91.51,83.7,81.435,85.971,7990.6,251.55
21/05/2019,90.97,91.99,89.723,94.263,7931.71,254.39
22/05/2019,87.7,82.87,80.6,85.144,7620,243.59
23/05/2019,88.74,104.64,102.363,106.911,7871.9,245.43
24/05/2019,100.85,103.86,101.585,106.137,7990.1,249.58
25/05/2019,102.87,97.74,95.466,100.022,8055,250.95
26/05/2019,112.31,118.06,115.779,120.339,8729.87,268.5
27/05/2019,117.2,115.28,112.996,117.56,8806.1,272.55
28/05/2019,114.95,122.55,120.263,124.831,8738.1,272.12
29/05/2019,115.59,102.34,100.054,104.626,8678.1,270.25
30/05/2019,107.8,110.45,108.16,112.736,8270,254.31
31/05/2019,114.29,119.71,117.419,121.999,8532.67,267.13
01/06/2019,112.25,119.64,117.348,121.932,8547,264.37
02/06/2019,114.62,107.65,105.357,109.945,8740.1,269.4
03/06/2019,105.82,100.97,98.678,103.27,8099.2,249.38
04/06/2019,102.27,105.43,103.134,107.73,7692.9,241.44
05/06/2019,103.98,97.47,95.169,99.769,7789.3,246.26
06/06/2019,111.29,106.72,104.414,109.018,7824.7,250
07/06/2019,117.01,119,116.693,121.301,7999.4,249.69
08/06/2019,118.44,107.86,105.558,110.17,7924,244.36
09/06/2019,114.91,124.48,122.169,126.785,7633.3,231.3
10/06/2019,129.8,126.46,124.152,128.772,8018.8,248.11
11/06/2019,136.02,124.25,121.941,126.565,7905.5,245.1
12/06/2019,136.15,131.38,129.067,133.695,8174,262.75
13/06/2019,130.79,138.32,136.006,140.638,8227.4,254.61
14/06/2019,132.49,139.62,137.301,141.937,8689.1,263.69
15/06/2019,138.33,135.42,133.099,137.739,8856,269.12
16/06/2019,137.01,145.4,143.082,147.726,8985.9,268.63
17/06/2019,134.37,128.51,126.191,130.839,9354.3,274
18/06/2019,135.26,125,122.676,127.328,9095,264.87
19/06/2019,137.02,139.11,136.778,141.434,9305.9,269.52
20/06/2019,135.98,140.08,137.748,142.408,9557.1,272.82
21/06/2019,139.19,148.67,146.335,150.999,10213.04,295.83
22/06/2019,142.55,150.91,148.579,153.247,10744,311.25
23/06/2019,137.46,139.19,136.859,141.531,10913,308.56
24/06/2019,135.72,133.76,131.419,136.095,11069,311.7
25/06/2019,135.5,129.87,127.532,132.212,11737,316.49
26/06/2019,130.01,126.95,124.606,129.29,12876,332
27/06/2019,114.63,112.81,110.469,115.157,11198.92,294.86
28/06/2019,119.3,129.06,126.709,131.401,12338,308.87
29/06/2019,134.03,144.68,142.33,147.026,11920,317.42
30/06/2019,122.61,124.56,122.211,126.911,10805,290.8
